Region,time,fitted
HSE Dublin and Midlands,1,1.3085
HSE Dublin and Midlands,2,4.5806
HSE Dublin and Midlands,3,6.0888
HSE Dublin and Midlands,4,5.3142
HSE Dublin and Midlands,5,5.1699
HSE Dublin and Midlands,6,4.4804
HSE Dublin and Midlands,7,4.6498
HSE Dublin and Midlands,8,5.1321
HSE Dublin and Midlands,9,5.3634
HSE Dublin and Midlands,10,5.6921
HSE Dublin and Midlands,11,5.2844
HSE Dublin and Midlands,12,6.5644
HSE Dublin and Midlands,13,5.765
HSE Dublin and Midlands,14,6.1082
HSE Dublin and Midlands,15,5.8488
HSE Dublin and Midlands,16,4.4473
HSE Dublin and Midlands,17,4.8381
HSE Dublin and Midlands,18,5.1259
HSE Dublin and Midlands,19,5.1014
HSE Dublin and Midlands,20,5.695
HSE Dublin and Midlands,21,6.0856
HSE Dublin and Midlands,22,4.3777
HSE Dublin and Midlands,23,4.2199
HSE Dublin and Midlands,24,3.8966
HSE Dublin and Midlands,25,3.2465
HSE Dublin and Midlands,26,4.0218
HSE Dublin and Midlands,27,4.0872
HSE Dublin and Midlands,28,4.433
HSE Dublin and Midlands,29,4.3814
HSE Dublin and Midlands,30,4.0768
HSE Dublin and Midlands,31,2.6373
HSE Dublin and Midlands,32,2.8048
HSE Dublin and Midlands,33,2.8274
HSE Dublin and Midlands,34,2.8851
HSE Dublin and Midlands,35,3.7876
HSE Dublin and Midlands,36,3.417
HSE Dublin and Midlands,37,3.6027
HSE Dublin and Midlands,38,4.1825
HSE Dublin and Midlands,39,4.142
HSE Dublin and Midlands,40,4.0807
HSE Dublin and Midlands,41,4.8921
HSE Dublin and Midlands,42,4.8537
HSE Dublin and Midlands,43,5.0209
HSE Dublin and Midlands,44,4.2771
HSE Dublin and Midlands,45,4.6916
HSE Dublin and Midlands,46,5.3459
HSE Dublin and Midlands,47,5.8253
HSE Dublin and Midlands,48,5.3612
HSE Dublin and Midlands,49,4.5172
HSE Dublin and Midlands,50,4.4625
HSE Dublin and Midlands,51,5.9346
HSE Dublin and Midlands,52,4.5271
HSE Dublin and Midlands,53,0.9512
HSE Dublin and Midlands,54,4.7006
HSE Dublin and Midlands,55,4.295
HSE Dublin and Midlands,56,4.3003
HSE Dublin and Midlands,57,4.6179
HSE Dublin and Midlands,58,5.0744
HSE Dublin and Midlands,59,4.2958
HSE Dublin and Midlands,60,4.7841
HSE Dublin and Midlands,61,4.1935
HSE Dublin and Midlands,62,4.6662
HSE Dublin and Midlands,63,4.9364
HSE Dublin and Midlands,64,4.7226
HSE Dublin and Midlands,65,4.769
HSE Dublin and Midlands,66,4.1704
HSE Dublin and Midlands,67,4.4449
HSE Dublin and Midlands,68,4.5793
HSE Dublin and Midlands,69,4.7421
HSE Dublin and Midlands,70,4.358
HSE Dublin and Midlands,71,3.5835
HSE Dublin and Midlands,72,3.6072
HSE Dublin and Midlands,73,3.2538
HSE Dublin and Midlands,74,4.0658
HSE Dublin and Midlands,75,3.6199
HSE Dublin and Midlands,76,4.0946
HSE Dublin and Midlands,77,3.9124
HSE Dublin and Midlands,78,3.6078
HSE Dublin and Midlands,79,3.2533
HSE Dublin and Midlands,80,3.0651
HSE Dublin and Midlands,81,2.5576
HSE Dublin and Midlands,82,2.6009
HSE Dublin and Midlands,83,3.0392
HSE Dublin and Midlands,84,3.3387
HSE Dublin and Midlands,85,3.1214
HSE Dublin and Midlands,86,3.0711
HSE Dublin and Midlands,87,3.0437
HSE Dublin and Midlands,88,2.667
HSE Dublin and Midlands,89,3.2547
HSE Dublin and Midlands,90,2.9046
HSE Dublin and Midlands,91,2.4501
HSE Dublin and Midlands,92,3.3068
HSE Dublin and Midlands,93,3.3562
HSE Dublin and Midlands,94,3.7738
HSE Dublin and Midlands,95,4.049
HSE Dublin and Midlands,96,3.4312
HSE Dublin and Midlands,97,3.4377
HSE Dublin and Midlands,98,3.39
HSE Dublin and Midlands,99,3.6714
HSE Dublin and Midlands,100,3.9693
HSE Dublin and Midlands,101,3.8273
HSE Dublin and Midlands,102,4.5345
HSE Dublin and Midlands,103,4.3087
HSE Dublin and Midlands,104,3.3392
HSE Dublin and Midlands,105,2.2951
HSE Dublin and Midlands,106,4.9706
HSE Dublin and Midlands,107,4.193
HSE Dublin and Midlands,108,5.2542
HSE Dublin and Midlands,109,4.6119
HSE Dublin and Midlands,110,4.0425
HSE Dublin and Midlands,111,4.5658
HSE Dublin and Midlands,112,4.3041
HSE Dublin and Midlands,113,4.5955
HSE Dublin and Midlands,114,4.6002
HSE Dublin and Midlands,115,4.5884
HSE Dublin and Midlands,116,3.9786
HSE Dublin and Midlands,117,3.6351
HSE Dublin and Midlands,118,3.2884
HSE Dublin and Midlands,119,3.725
HSE Dublin and Midlands,120,3.0854
HSE Dublin and Midlands,121,3.6262
HSE Dublin and Midlands,122,3.986
HSE Dublin and Midlands,123,3.8775
HSE Dublin and Midlands,124,2.9052
HSE Dublin and Midlands,125,2.8458
HSE Dublin and Midlands,126,2.9978
HSE Dublin and Midlands,127,3.2059
HSE Dublin and Midlands,128,2.9847
HSE Dublin and Midlands,129,2.2385
HSE Dublin and Midlands,130,2.6179
HSE Dublin and Midlands,131,3.4813
HSE Dublin and Midlands,132,2.8431
HSE Dublin and Midlands,133,2.7676
HSE Dublin and Midlands,134,2.1809
HSE Dublin and Midlands,135,2.3313
HSE Dublin and Midlands,136,2.2228
HSE Dublin and Midlands,137,2.3594
HSE Dublin and Midlands,138,2.2671
HSE Dublin and Midlands,139,2.7077
HSE Dublin and Midlands,140,2.0191
HSE Dublin and Midlands,141,2.7808
HSE Dublin and Midlands,142,2.7846
HSE Dublin and Midlands,143,2.3421
HSE Dublin and Midlands,144,2.4849
HSE Dublin and Midlands,145,2.3543
HSE Dublin and Midlands,146,2.8559
HSE Dublin and Midlands,147,2.927
HSE Dublin and Midlands,148,2.4952
HSE Dublin and Midlands,149,2.5258
HSE Dublin and Midlands,150,2.928
HSE Dublin and Midlands,151,3.2754
HSE Dublin and North East,1,-0.1834
HSE Dublin and North East,2,3.8555
HSE Dublin and North East,3,4.252
HSE Dublin and North East,4,3.2422
HSE Dublin and North East,5,2.6722
HSE Dublin and North East,6,2.3923
HSE Dublin and North East,7,2.1793
HSE Dublin and North East,8,2.1753
HSE Dublin and North East,9,3.2575
HSE Dublin and North East,10,3.2151
HSE Dublin and North East,11,2.5495
HSE Dublin and North East,12,2.258
HSE Dublin and North East,13,2.2648
HSE Dublin and North East,14,2.6087
HSE Dublin and North East,15,2.6692
HSE Dublin and North East,16,2.2018
HSE Dublin and North East,17,1.621
HSE Dublin and North East,18,1.9295
HSE Dublin and North East,19,1.8315
HSE Dublin and North East,20,2.3459
HSE Dublin and North East,21,2.3295
HSE Dublin and North East,22,2.0768
HSE Dublin and North East,23,2.3233
HSE Dublin and North East,24,1.6425
HSE Dublin and North East,25,0.8678
HSE Dublin and North East,26,0.8164
HSE Dublin and North East,27,1.1072
HSE Dublin and North East,28,0.7871
HSE Dublin and North East,29,0.6948
HSE Dublin and North East,30,1.0535
HSE Dublin and North East,31,1.1551
HSE Dublin and North East,32,1.0646
HSE Dublin and North East,33,1.0434
HSE Dublin and North East,34,1.9079
HSE Dublin and North East,35,1.9422
HSE Dublin and North East,36,1.7832
HSE Dublin and North East,37,1.5446
HSE Dublin and North East,38,1.7599
HSE Dublin and North East,39,1.6768
HSE Dublin and North East,40,2.0192
HSE Dublin and North East,41,2.3617
HSE Dublin and North East,42,2.3879
HSE Dublin and North East,43,2.5875
HSE Dublin and North East,44,2.3444
HSE Dublin and North East,45,2.5785
HSE Dublin and North East,46,2.8702
HSE Dublin and North East,47,2.941
HSE Dublin and North East,48,3.0413
HSE Dublin and North East,49,2.9145
HSE Dublin and North East,50,2.6586
HSE Dublin and North East,51,3.1501
HSE Dublin and North East,52,1.4756
HSE Dublin and North East,53,-0.6303
HSE Dublin and North East,54,3.545
HSE Dublin and North East,55,2.4003
HSE Dublin and North East,56,3.1115
HSE Dublin and North East,57,3.1134
HSE Dublin and North East,58,2.9859
HSE Dublin and North East,59,2.8329
HSE Dublin and North East,60,3.2211
HSE Dublin and North East,61,2.6693
HSE Dublin and North East,62,3.1007
HSE Dublin and North East,63,2.495
HSE Dublin and North East,64,2.4159
HSE Dublin and North East,65,2.8531
HSE Dublin and North East,66,2.5869
HSE Dublin and North East,67,2.2498
HSE Dublin and North East,68,2.1583
HSE Dublin and North East,69,2.5687
HSE Dublin and North East,70,2.594
HSE Dublin and North East,71,2.5232
HSE Dublin and North East,72,2.0355
HSE Dublin and North East,73,2.2424
HSE Dublin and North East,74,2.4907
HSE Dublin and North East,75,2.7427
HSE Dublin and North East,76,1.8821
HSE Dublin and North East,77,2.0388
HSE Dublin and North East,78,2.3414
HSE Dublin and North East,79,2.3
HSE Dublin and North East,80,2.4373
HSE Dublin and North East,81,2.0673
HSE Dublin and North East,82,1.4565
HSE Dublin and North East,83,1.6234
HSE Dublin and North East,84,1.6692
HSE Dublin and North East,85,1.7296
HSE Dublin and North East,86,1.7881
HSE Dublin and North East,87,1.4521
HSE Dublin and North East,88,1.8376
HSE Dublin and North East,89,2.062
HSE Dublin and North East,90,2.2882
HSE Dublin and North East,91,2.2704
HSE Dublin and North East,92,2.2588
HSE Dublin and North East,93,2.6667
HSE Dublin and North East,94,3.0524
HSE Dublin and North East,95,2.5548
HSE Dublin and North East,96,2.6548
HSE Dublin and North East,97,2.5568
HSE Dublin and North East,98,2.8048
HSE Dublin and North East,99,3.0227
HSE Dublin and North East,100,2.6981
HSE Dublin and North East,101,3.1542
HSE Dublin and North East,102,3.7043
HSE Dublin and North East,103,3.5585
HSE Dublin and North East,104,2.0094
HSE Dublin and North East,105,0.6496
HSE Dublin and North East,106,4.1387
HSE Dublin and North East,107,2.2096
HSE Dublin and North East,108,3.1986
HSE Dublin and North East,109,3.1733
HSE Dublin and North East,110,3.3508
HSE Dublin and North East,111,3.7043
HSE Dublin and North East,112,3.9618
HSE Dublin and North East,113,3.4699
HSE Dublin and North East,114,3.4002
HSE Dublin and North East,115,2.6094
HSE Dublin and North East,116,2.0619
HSE Dublin and North East,117,2.1069
HSE Dublin and North East,118,1.5249
HSE Dublin and North East,119,2.4786
HSE Dublin and North East,120,2.741
HSE Dublin and North East,121,1.681
HSE Dublin and North East,122,2.2182
HSE Dublin and North East,123,1.4775
HSE Dublin and North East,124,1.4908
HSE Dublin and North East,125,1.371
HSE Dublin and North East,126,1.2272
HSE Dublin and North East,127,1.5336
HSE Dublin and North East,128,1.7188
HSE Dublin and North East,129,1.7828
HSE Dublin and North East,130,1.6552
HSE Dublin and North East,131,1.5266
HSE Dublin and North East,132,1.3317
HSE Dublin and North East,133,1.5498
HSE Dublin and North East,134,1.5001
HSE Dublin and North East,135,1.5309
HSE Dublin and North East,136,1.6583
HSE Dublin and North East,137,1.2013
HSE Dublin and North East,138,1.4722
HSE Dublin and North East,139,1.8387
HSE Dublin and North East,140,1.8758
HSE Dublin and North East,141,1.757
HSE Dublin and North East,142,1.7327
HSE Dublin and North East,143,1.9055
HSE Dublin and North East,144,1.9593
HSE Dublin and North East,145,2.073
HSE Dublin and North East,146,2.426
HSE Dublin and North East,147,1.9884
HSE Dublin and North East,148,1.767
HSE Dublin and North East,149,1.8215
HSE Dublin and North East,150,1.9661
HSE Dublin and North East,151,2.3855
HSE Dublin and South East,1,0.4523
HSE Dublin and South East,2,4.0548
HSE Dublin and South East,3,5.1494
HSE Dublin and South East,4,4.2502
HSE Dublin and South East,5,3.6414
HSE Dublin and South East,6,3.7081
HSE Dublin and South East,7,3.3588
HSE Dublin and South East,8,4.0385
HSE Dublin and South East,9,3.91
HSE Dublin and South East,10,3.5131
HSE Dublin and South East,11,3.9001
HSE Dublin and South East,12,3.9264
HSE Dublin and South East,13,3.619
HSE Dublin and South East,14,4.0305
HSE Dublin and South East,15,3.4702
HSE Dublin and South East,16,2.2848
HSE Dublin and South East,17,3.0248
HSE Dublin and South East,18,3.6867
HSE Dublin and South East,19,3.9379
HSE Dublin and South East,20,4.2717
HSE Dublin and South East,21,3.6763
HSE Dublin and South East,22,2.7114
HSE Dublin and South East,23,2.9818
HSE Dublin and South East,24,2.0642
HSE Dublin and South East,25,2.176
HSE Dublin and South East,26,2.5448
HSE Dublin and South East,27,2.1722
HSE Dublin and South East,28,2.07
HSE Dublin and South East,29,2.5579
HSE Dublin and South East,30,2.3173
HSE Dublin and South East,31,2.287
HSE Dublin and South East,32,2.8528
HSE Dublin and South East,33,2.796
HSE Dublin and South East,34,2.5757
HSE Dublin and South East,35,2.5843
HSE Dublin and South East,36,2.6883
HSE Dublin and South East,37,2.4078
HSE Dublin and South East,38,2.4947
HSE Dublin and South East,39,2.6356
HSE Dublin and South East,40,3.4092
HSE Dublin and South East,41,2.9775
HSE Dublin and South East,42,2.9911
HSE Dublin and South East,43,3.2098
HSE Dublin and South East,44,3.1072
HSE Dublin and South East,45,3.3886
HSE Dublin and South East,46,3.2679
HSE Dublin and South East,47,3.8233
HSE Dublin and South East,48,3.7296
HSE Dublin and South East,49,3.5658
HSE Dublin and South East,50,3.964
HSE Dublin and South East,51,3.6192
HSE Dublin and South East,52,2.4215
HSE Dublin and South East,53,0.6411
HSE Dublin and South East,54,4.2146
HSE Dublin and South East,55,2.3198
HSE Dublin and South East,56,3.0584
HSE Dublin and South East,57,3.3152
HSE Dublin and South East,58,3.1821
HSE Dublin and South East,59,3.4054
HSE Dublin and South East,60,4.0185
HSE Dublin and South East,61,3.8834
HSE Dublin and South East,62,3.0004
HSE Dublin and South East,63,3.0679
HSE Dublin and South East,64,3.1274
HSE Dublin and South East,65,3.3927
HSE Dublin and South East,66,2.8454
HSE Dublin and South East,67,3.124
HSE Dublin and South East,68,3.5165
HSE Dublin and South East,69,3.138
HSE Dublin and South East,70,3.3072
HSE Dublin and South East,71,3.0325
HSE Dublin and South East,72,2.6938
HSE Dublin and South East,73,2.438
HSE Dublin and South East,74,2.1921
HSE Dublin and South East,75,2.2095
HSE Dublin and South East,76,1.8645
HSE Dublin and South East,77,2.2292
HSE Dublin and South East,78,2.2985
HSE Dublin and South East,79,2.352
HSE Dublin and South East,80,2.5827
HSE Dublin and South East,81,2.1917
HSE Dublin and South East,82,2.4239
HSE Dublin and South East,83,1.9608
HSE Dublin and South East,84,1.934
HSE Dublin and South East,85,2.0902
HSE Dublin and South East,86,2.3959
HSE Dublin and South East,87,2.1715
HSE Dublin and South East,88,2.6217
HSE Dublin and South East,89,2.7074
HSE Dublin and South East,90,2.7743
HSE Dublin and South East,91,3.308
HSE Dublin and South East,92,3.2361
HSE Dublin and South East,93,3.0973
HSE Dublin and South East,94,3.4904
HSE Dublin and South East,95,3.3563
HSE Dublin and South East,96,3.4135
HSE Dublin and South East,97,2.7694
HSE Dublin and South East,98,2.6753
HSE Dublin and South East,99,3.4704
HSE Dublin and South East,100,3.1104
HSE Dublin and South East,101,3.2861
HSE Dublin and South East,102,4.0572
HSE Dublin and South East,103,4.052
HSE Dublin and South East,104,2.3682
HSE Dublin and South East,105,0.3681
HSE Dublin and South East,106,4.2879
HSE Dublin and South East,107,3.5182
HSE Dublin and South East,108,3.5711
HSE Dublin and South East,109,3.6747
HSE Dublin and South East,110,4.5537
HSE Dublin and South East,111,3.7583
HSE Dublin and South East,112,3.9852
HSE Dublin and South East,113,2.8381
HSE Dublin and South East,114,3.4598
HSE Dublin and South East,115,2.8482
HSE Dublin and South East,116,3.0742
HSE Dublin and South East,117,2.5737
HSE Dublin and South East,118,2.3061
HSE Dublin and South East,119,1.8856
HSE Dublin and South East,120,2.0185
HSE Dublin and South East,121,2.0195
HSE Dublin and South East,122,1.9956
HSE Dublin and South East,123,2.1403
HSE Dublin and South East,124,2.0147
HSE Dublin and South East,125,2.1384
HSE Dublin and South East,126,2.0057
HSE Dublin and South East,127,2.3559
HSE Dublin and South East,128,2.1641
HSE Dublin and South East,129,2.2559
HSE Dublin and South East,130,1.8058
HSE Dublin and South East,131,1.9458
HSE Dublin and South East,132,1.9835
HSE Dublin and South East,133,1.9187
HSE Dublin and South East,134,2.1442
HSE Dublin and South East,135,2.4201
HSE Dublin and South East,136,2.2402
HSE Dublin and South East,137,2.0969
HSE Dublin and South East,138,2.1828
HSE Dublin and South East,139,2.4311
HSE Dublin and South East,140,2.7881
HSE Dublin and South East,141,2.6408
HSE Dublin and South East,142,2.5479
HSE Dublin and South East,143,3.1482
HSE Dublin and South East,144,3.3959
HSE Dublin and South East,145,2.6846
HSE Dublin and South East,146,2.5317
HSE Dublin and South East,147,2.9768
HSE Dublin and South East,148,3.1272
HSE Dublin and South East,149,3.0956
HSE Dublin and South East,150,3.0349
HSE Dublin and South East,151,4.1762
HSE Mid West,1,4.4153
HSE Mid West,2,5.8218
HSE Mid West,3,7.2104
HSE Mid West,4,5.2776
HSE Mid West,5,5.8339
HSE Mid West,6,5.42
HSE Mid West,7,6.3521
HSE Mid West,8,7.096
HSE Mid West,9,7.6669
HSE Mid West,10,8.0333
HSE Mid West,11,7.8973
HSE Mid West,12,7.8223
HSE Mid West,13,7.7922
HSE Mid West,14,8.6834
HSE Mid West,15,8.4451
HSE Mid West,16,8.2668
HSE Mid West,17,7.6005
HSE Mid West,18,8.3245
HSE Mid West,19,8.5132
HSE Mid West,20,8.8243
HSE Mid West,21,7.9273
HSE Mid West,22,7.7943
HSE Mid West,23,8.723
HSE Mid West,24,8.0526
HSE Mid West,25,8.1624
HSE Mid West,26,7.8787
HSE Mid West,27,8.2505
HSE Mid West,28,9.1372
HSE Mid West,29,8.6922
HSE Mid West,30,8.4497
HSE Mid West,31,8.3786
HSE Mid West,32,8.8082
HSE Mid West,33,7.9857
HSE Mid West,34,7.8522
HSE Mid West,35,7.3908
HSE Mid West,36,7.6662
HSE Mid West,37,8.2717
HSE Mid West,38,9.0824
HSE Mid West,39,8.6429
HSE Mid West,40,8.7379
HSE Mid West,41,9.2579
HSE Mid West,42,9.217
HSE Mid West,43,8.3337
HSE Mid West,44,8.7838
HSE Mid West,45,7.8593
HSE Mid West,46,7.1569
HSE Mid West,47,8.007
HSE Mid West,48,8.9382
HSE Mid West,49,8.4165
HSE Mid West,50,8.0382
HSE Mid West,51,8.8832
HSE Mid West,52,7.8284
HSE Mid West,53,4.0915
HSE Mid West,54,6.8705
HSE Mid West,55,7.3043
HSE Mid West,56,7.8133
HSE Mid West,57,8.4635
HSE Mid West,58,9.4739
HSE Mid West,59,9.9052
HSE Mid West,60,10.7743
HSE Mid West,61,9.4826
HSE Mid West,62,9.035
HSE Mid West,63,9.5878
HSE Mid West,64,9.2467
HSE Mid West,65,8.794
HSE Mid West,66,9.6225
HSE Mid West,67,9.6973
HSE Mid West,68,8.7364
HSE Mid West,69,8.571
HSE Mid West,70,9.3732
HSE Mid West,71,9.5933
HSE Mid West,72,8.1826
HSE Mid West,73,8.0055
HSE Mid West,74,9.8135
HSE Mid West,75,9.8969
HSE Mid West,76,9.6491
HSE Mid West,77,7.9119
HSE Mid West,78,7.7535
HSE Mid West,79,7.4053
HSE Mid West,80,8.652
HSE Mid West,81,8.8331
HSE Mid West,82,10.1871
HSE Mid West,83,8.9891
HSE Mid West,84,7.8847
HSE Mid West,85,7.8291
HSE Mid West,86,4.4684
HSE Mid West,87,0.8362
HSE Mid West,88,3.7612
HSE Mid West,89,6.7589
HSE Mid West,90,5.8424
HSE Mid West,91,6.6238
HSE Mid West,92,7.0787
HSE Mid West,93,7.6457
HSE Mid West,94,8.7788
HSE Mid West,95,8.365
HSE Mid West,96,7.9072
HSE Mid West,97,6.9671
HSE Mid West,98,8.5187
HSE Mid West,99,9.7601
HSE Mid West,100,8.9226
HSE Mid West,101,9.0583
HSE Mid West,102,8.3513
HSE Mid West,103,9.3998
HSE Mid West,104,6.9676
HSE Mid West,105,6.9559
HSE Mid West,106,8.2948
HSE Mid West,107,9.5739
HSE Mid West,108,10.4429
HSE Mid West,109,10.0757
HSE Mid West,110,8.3939
HSE Mid West,111,9.0599
HSE Mid West,112,8.896
HSE Mid West,113,8.4182
HSE Mid West,114,9.6924
HSE Mid West,115,9.4469
HSE Mid West,116,8.7614
HSE Mid West,117,8.1366
HSE Mid West,118,7.1025
HSE Mid West,119,9.0869
HSE Mid West,120,8.0633
HSE Mid West,121,7.9919
HSE Mid West,122,8.7314
HSE Mid West,123,9.2959
HSE Mid West,124,8.5113
HSE Mid West,125,8.569
HSE Mid West,126,9.0465
HSE Mid West,127,8.5665
HSE Mid West,128,8.5221
HSE Mid West,129,8.2876
HSE Mid West,130,8.6143
HSE Mid West,131,7.2488
HSE Mid West,132,9.2155
HSE Mid West,133,8.7235
HSE Mid West,134,7.2288
HSE Mid West,135,7.9404
HSE Mid West,136,8.4326
HSE Mid West,137,8.9561
HSE Mid West,138,7.2105
HSE Mid West,139,6.4047
HSE Mid West,140,8.8402
HSE Mid West,141,8.71
HSE Mid West,142,8.7381
HSE Mid West,143,7.876
HSE Mid West,144,8.4561
HSE Mid West,145,8.7257
HSE Mid West,146,9.6084
HSE Mid West,147,7.1911
HSE Mid West,148,5.5907
HSE Mid West,149,5.0888
HSE Mid West,150,5.4352
HSE Mid West,151,5.4244
HSE South West,1,2.0004
HSE South West,2,4.872
HSE South West,3,6.4324
HSE South West,4,5.1006
HSE South West,5,5.1082
HSE South West,6,5.6614
HSE South West,7,5.154
HSE South West,8,4.2414
HSE South West,9,5.5603
HSE South West,10,5.497
HSE South West,11,4.9077
HSE South West,12,6.4206
HSE South West,13,5.5754
HSE South West,14,5.6638
HSE South West,15,6.0578
HSE South West,16,5.2392
HSE South West,17,5.4346
HSE South West,18,5.6406
HSE South West,19,5.2294
HSE South West,20,5.118
HSE South West,21,5.3768
HSE South West,22,5.1769
HSE South West,23,4.5971
HSE South West,24,3.5244
HSE South West,25,2.797
HSE South West,26,3.7159
HSE South West,27,3.6446
HSE South West,28,2.95
HSE South West,29,2.5834
HSE South West,30,3.5138
HSE South West,31,3.7157
HSE South West,32,4.1839
HSE South West,33,4.1151
HSE South West,34,2.9413
HSE South West,35,3.8398
HSE South West,36,5.1776
HSE South West,37,5.9153
HSE South West,38,5.3277
HSE South West,39,4.4707
HSE South West,40,5.0021
HSE South West,41,5.8826
HSE South West,42,5.2259
HSE South West,43,5.2226
HSE South West,44,4.8681
HSE South West,45,5.2095
HSE South West,46,5.6613
HSE South West,47,5.6295
HSE South West,48,5.8905
HSE South West,49,5.1434
HSE South West,50,5.8058
HSE South West,51,5.084
HSE South West,52,4.725
HSE South West,53,1.6068
HSE South West,54,5.4568
HSE South West,55,6.2491
HSE South West,56,6.0696
HSE South West,57,6.7058
HSE South West,58,6.6478
HSE South West,59,4.866
HSE South West,60,4.5295
HSE South West,61,4.2595
HSE South West,62,3.9082
HSE South West,63,4.6895
HSE South West,64,3.9588
HSE South West,65,4.6151
HSE South West,66,4.8257
HSE South West,67,3.8579
HSE South West,68,4.89
HSE South West,69,4.9108
HSE South West,70,3.5019
HSE South West,71,3.789
HSE South West,72,4.5943
HSE South West,73,2.8277
HSE South West,74,2.9072
HSE South West,75,3.9337
HSE South West,76,3.83
HSE South West,77,4.6215
HSE South West,78,4.3619
HSE South West,79,3.8192
HSE South West,80,3.369
HSE South West,81,3.4826
HSE South West,82,4.1511
HSE South West,83,3.7419
HSE South West,84,4.0268
HSE South West,85,2.6921
HSE South West,86,3.3865
HSE South West,87,3.3422
HSE South West,88,2.9166
HSE South West,89,3.0868
HSE South West,90,3.2326
HSE South West,91,4.6016
HSE South West,92,4.6093
HSE South West,93,4.3636
HSE South West,94,5.1124
HSE South West,95,4.1663
HSE South West,96,3.6983
HSE South West,97,3.5421
HSE South West,98,3.7146
HSE South West,99,4.9398
HSE South West,100,3.9089
HSE South West,101,4.0609
HSE South West,102,5.1249
HSE South West,103,4.6825
HSE South West,104,2.7434
HSE South West,105,2.6282
HSE South West,106,5.3084
HSE South West,107,5.2365
HSE South West,108,6.5759
HSE South West,109,6.4002
HSE South West,110,6.0367
HSE South West,111,5.9048
HSE South West,112,4.9572
HSE South West,113,4.469
HSE South West,114,4.6241
HSE South West,115,4.7244
HSE South West,116,3.889
HSE South West,117,2.939
HSE South West,118,4.0226
HSE South West,119,4.565
HSE South West,120,4.113
HSE South West,121,2.9117
HSE South West,122,2.8559
HSE South West,123,3.0557
HSE South West,124,2.6737
HSE South West,125,3.0111
HSE South West,126,2.7849
HSE South West,127,2.6591
HSE South West,128,2.2412
HSE South West,129,2.5701
HSE South West,130,2.3366
HSE South West,131,2.7978
HSE South West,132,3.4214
HSE South West,133,3.1334
HSE South West,134,3.3829
HSE South West,135,2.8427
HSE South West,136,3.3721
HSE South West,137,3.3381
HSE South West,138,2.8191
HSE South West,139,3.2636
HSE South West,140,3.1435
HSE South West,141,3.759
HSE South West,142,4.4809
HSE South West,143,3.5453
HSE South West,144,3.5966
HSE South West,145,4.3549
HSE South West,146,4.5799
HSE South West,147,5.0567
HSE South West,148,5.3919
HSE South West,149,4.5547
HSE South West,150,5.0764
HSE South West,151,5.8303
HSE West and North West,1,3.1223
HSE West and North West,2,5.424
HSE West and North West,3,9.0574
HSE West and North West,4,6.2161
HSE West and North West,5,7.4735
HSE West and North West,6,6.5419
HSE West and North West,7,6.2809
HSE West and North West,8,6.0352
HSE West and North West,9,7.3877
HSE West and North West,10,7.5044
HSE West and North West,11,6.4874
HSE West and North West,12,7.273
HSE West and North West,13,7.9464
HSE West and North West,14,8.4907
HSE West and North West,15,8.0038
HSE West and North West,16,8.2901
HSE West and North West,17,7.7669
HSE West and North West,18,7.4982
HSE West and North West,19,6.9905
HSE West and North West,20,7.9462
HSE West and North West,21,7.9655
HSE West and North West,22,7.2188
HSE West and North West,23,6.8042
HSE West and North West,24,5.939
HSE West and North West,25,6.5467
HSE West and North West,26,6.7467
HSE West and North West,27,7.2626
HSE West and North West,28,5.8988
HSE West and North West,29,4.9193
HSE West and North West,30,5.9242
HSE West and North West,31,5.918
HSE West and North West,32,6.1177
HSE West and North West,33,6.5999
HSE West and North West,34,7.1776
HSE West and North West,35,6.4293
HSE West and North West,36,6.202
HSE West and North West,37,6.487
HSE West and North West,38,7.2419
HSE West and North West,39,6.16
HSE West and North West,40,5.6327
HSE West and North West,41,5.6941
HSE West and North West,42,6.1227
HSE West and North West,43,6.0586
HSE West and North West,44,5.672
HSE West and North West,45,5.8052
HSE West and North West,46,5.9644
HSE West and North West,47,6.5068
HSE West and North West,48,6.9301
HSE West and North West,49,5.4979
HSE West and North West,50,5.5801
HSE West and North West,51,7.4831
HSE West and North West,52,6.6606
HSE West and North West,53,3.1304
HSE West and North West,54,5.9262
HSE West and North West,55,7.1169
HSE West and North West,56,6.4204
HSE West and North West,57,5.8564
HSE West and North West,58,6.7461
HSE West and North West,59,6.3235
HSE West and North West,60,6.699
HSE West and North West,61,7.3367
HSE West and North West,62,6.381
HSE West and North West,63,5.4746
HSE West and North West,64,5.0176
HSE West and North West,65,5.0612
HSE West and North West,66,5.9204
HSE West and North West,67,5.442
HSE West and North West,68,6.656
HSE West and North West,69,7.7925
HSE West and North West,70,6.179
HSE West and North West,71,4.8372
HSE West and North West,72,4.7717
HSE West and North West,73,5.6676
HSE West and North West,74,6.4273
HSE West and North West,75,4.5573
HSE West and North West,76,5.3432
HSE West and North West,77,5.3977
HSE West and North West,78,7.0616
HSE West and North West,79,6.2073
HSE West and North West,80,6.052
HSE West and North West,81,5.0214
HSE West and North West,82,5.8051
HSE West and North West,83,6.0542
HSE West and North West,84,5.9304
HSE West and North West,85,5.7999
HSE West and North West,86,5.6967
HSE West and North West,87,5.3739
HSE West and North West,88,5.1296
HSE West and North West,89,5.253
HSE West and North West,90,5.1907
HSE West and North West,91,5.6153
HSE West and North West,92,6.4243
HSE West and North West,93,6.6644
HSE West and North West,94,6.5142
HSE West and North West,95,6.0756
HSE West and North West,96,5.7826
HSE West and North West,97,5.5414
HSE West and North West,98,5.2325
HSE West and North West,99,6.26
HSE West and North West,100,6.445
HSE West and North West,101,6.2043
HSE West and North West,102,5.9801
HSE West and North West,103,5.8405
HSE West and North West,104,4.5073
HSE West and North West,105,3.3176
HSE West and North West,106,6.2581
HSE West and North West,107,6.8871
HSE West and North West,108,7.5098
HSE West and North West,109,7.6607
HSE West and North West,110,7.827
HSE West and North West,111,8.5789
HSE West and North West,112,8.6566
HSE West and North West,113,7.0133
HSE West and North West,114,7.164
HSE West and North West,115,7.8236
HSE West and North West,116,6.6092
HSE West and North West,117,6.3464
HSE West and North West,118,4.9331
HSE West and North West,119,6.0888
HSE West and North West,120,5.49
HSE West and North West,121,5.1541
HSE West and North West,122,5.3619
HSE West and North West,123,5.8245
HSE West and North West,124,5.2142
HSE West and North West,125,5.7357
HSE West and North West,126,6.2656
HSE West and North West,127,5.2127
HSE West and North West,128,5.9304
HSE West and North West,129,6.1297
HSE West and North West,130,6.3126
HSE West and North West,131,5.969
HSE West and North West,132,6.2818
HSE West and North West,133,5.7533
HSE West and North West,134,5.0902
HSE West and North West,135,6.684
HSE West and North West,136,6.7219
HSE West and North West,137,6.5914
HSE West and North West,138,6.0456
HSE West and North West,139,7.1102
HSE West and North West,140,7.4361
HSE West and North West,141,7.253
HSE West and North West,142,6.7312
HSE West and North West,143,7.6749
HSE West and North West,144,6.8243
HSE West and North West,145,4.7834
HSE West and North West,146,5.578
HSE West and North West,147,6.6203
HSE West and North West,148,5.272
HSE West and North West,149,5.7967
HSE West and North West,150,5.3176
HSE West and North West,151,6.4132
